srn,account_id
132,001
133,002
161,003
173,004
174,005
176,006
177,007
178,008
185,009
187,010
188,011
191,012
209,013
212,014
224,015
227,016
228,017
243,018
244,019
245,020
273,021
288,022
294,023
305,024
311,025
312,026
314,027
318,028
322,029
326,030
327,031
330,032
335,033
343,034
346,035
355,036
359,037
363,038
380,039
382,040
384,041
386,042
388,043
390,044
391,045
406,046
446,047
452,048
461,049
464,050
465,051
471,052
472,053
481,054
483,055
484,056
489,057
494,058
515,059
518,060
519,061
524,062
534,063
535,064
536,065
542,066
543,067
548,068
549,069
554,070
556,071
561,072
562,073
564,074
565,075
576,076
591,077
593,078
594,079
598,080
600,081
601,082
602,083
603,084
605,085
606,086
607,087
608,088
609,089
610,090
613,091
614,092
615,093
616,094
617,095
618,096
619,097
621,098
622,099
623,100
628,101
630,102
631,103
632,104
633,105
634,106
635,107
636,108
637,109
638,110
639,111
640,112
641,113
642,114
645,115
648,116
649,117
650,118
652,119
653,120
654,121
656,122
657,123
658,124
659,125
660,126
662,127
663,128
665,129
666,130
667,131
668,132
669,133
671,134
672,135
673,136
674,137
675,138
676,139
677,140
678,141
679,142
680,143
681,144
682,145
683,146
684,147
686,148
687,149
688,150
689,151
694,152
695,153
696,154
697,155
698,156
699,157
700,158
701,159
702,160
703,161
708,162
711,163
721,164
722,165
723,166
724,167
725,168
730,169
10001,170
10002,171
10003,172
10004,173
10005,174
10006,175
10007,176
10008,177
10009,178
10010,179
10011,180
